{ "compressionlevel":-1,
 "height":15,
 "infinite":false,
 "layers":[
        {
         "data":[10, 11, 11, 11, 11, 11, 11, 11, 11, 12, 0, 0, 0, 0, 10, 11, 11, 11, 11, 12,
            22, 31, 31, 31, 31, 31, 31, 31, 31, 24, 0, 0, 0, 0, 22, 31, 31, 31, 31, 24,
            22, 43, 43, 43, 43, 43, 43, 43, 43, 46, 11, 11, 11, 11, 47, 43, 43, 43, 43, 24,
            22, 14, 27, 15, 17, 3, 2, 25, 14, 30, 31, 31, 31, 31, 32, 5, 28, 2, 27, 24,
            22, 17, 1, 13, 15, 25, 27, 17, 28, 42, 43, 43, 43, 43, 44, 26, 13, 17, 27, 24,
            22, 14, 2, 3, 5, 1, 13, 27, 15, 25, 25, 26, 16, 15, 16, 17, 13, 28, 2, 24,
            22, 15, 13, 27, 13, 17, 5, 3, 2, 5, 27, 26, 5, 25, 26, 25, 17, 16, 25, 24,
            22, 25, 13, 25, 27, 3, 28, 16, 15, 5, 16, 2, 4, 13, 28, 17, 15, 16, 28, 24,
            22, 16, 28, 13, 17, 5, 13, 2, 5, 14, 13, 25, 17, 5, 27, 15, 27, 2, 3, 24,
            22, 3, 28, 14, 26, 14, 14, 17, 2, 16, 3, 27, 15, 13, 2, 15, 14, 26, 3, 24,
            34, 35, 35, 35, 35, 35, 35, 35, 35, 35, 35, 35, 35, 35, 35, 35, 35, 35, 35, 36,
            0, 0, 0, 0, 0, 0, 0, 0, 0, 0, 0, 0, 0, 0, 0, 0, 0, 0, 0, 0,
            0, 0, 0, 0, 0, 0, 0, 0, 0, 0, 0, 0, 0, 0, 0, 0, 0, 0, 0, 0,
            0, 0, 0, 0, 0, 0, 0, 0, 0, 0, 0, 0, 0, 0, 0, 0, 0, 0, 0, 0,
            0, 0, 0, 0, 0, 0, 0, 0, 0, 0, 0, 0, 0, 0, 0, 0, 0, 0, 0, 0],
         "height":15,
         "id":1,
         "name":"Tile Layer 1",
         "opacity":1,
         "type":"tilelayer",
         "visible":true,
         "width":20,
         "x":0,
         "y":0
        }, 
        {
         "data":[0, 0, 0, 0, 0, 0, 0, 0, 0, 0, 0, 0, 0, 0, 0, 0, 0, 0, 0, 0,
            0, 0, 0, 0, 263, 0, 0, 0, 0, 0, 0, 0, 0, 0, 0, 0, 0, 0, 0, 0,
            0, 0, 0, 0, 283, 0, 0, 0, 0, 0, 0, 0, 0, 0, 0, 0, 0, 0, 0, 0,
            0, 0, 0, 0, 0, 0, 0, 0, 0, 0, 0, 0, 0, 0, 0, 0, 0, 0, 0, 0,
            0, 0, 0, 0, 0, 0, 0, 0, 0, 0, 0, 0, 0, 0, 0, 0, 0, 0, 0, 0,
            0, 0, 0, 0, 94, 94, 0, 0, 0, 0, 0, 0, 0, 0, 0, 0, 0, 0, 0, 0,
            0, 0, 0, 0, 114, 114, 0, 63, 64, 65, 66, 66, 66, 66, 66, 66, 66, 67, 68, 0,
            0, 0, 0, 0, 134, 134, 0, 83, 84, 85, 86, 86, 86, 86, 86, 86, 86, 87, 88, 0,
            0, 0, 0, 0, 154, 154, 0, 83, 84, 85, 86, 86, 86, 86, 86, 86, 86, 87, 88, 0,
            0, 0, 0, 0, 0, 0, 0, 83, 84, 85, 86, 86, 86, 86, 86, 85, 86, 87, 88, 0,
            0, 0, 0, 0, 0, 0, 0, 0, 0, 0, 0, 0, 0, 0, 0, 0, 0, 0, 0, 0,
            0, 0, 0, 0, 0, 0, 0, 0, 0, 0, 0, 0, 0, 0, 0, 0, 0, 0, 0, 0,
            0, 0, 0, 0, 0, 0, 0, 0, 0, 0, 0, 0, 0, 0, 0, 0, 0, 0, 0, 0,
            0, 0, 0, 0, 0, 0, 0, 0, 0, 0, 0, 0, 0, 0, 0, 0, 0, 0, 0, 0,
            0, 0, 0, 0, 0, 0, 0, 0, 0, 0, 0, 0, 0, 0, 0, 0, 0, 0, 0, 0],
         "height":15,
         "id":4,
         "name":"Tile Layer 2",
         "opacity":1,
         "type":"tilelayer",
         "visible":true,
         "width":20,
         "x":0,
         "y":0
        }, 
        {
         "data":[0, 0, 0, 0, 0, 0, 0, 0, 0, 0, 0, 0, 0, 0, 0, 0, 0, 0, 0, 0,
            0, 0, 0, 0, 0, 0, 309, 310, 311, 312, 0, 0, 0, 0, 0, 0, 183, 0, 0, 0,
            0, 69, 70, 71, 0, 0, 329, 330, 331, 332, 0, 0, 0, 0, 0, 0, 203, 0, 0, 0,
            0, 89, 90, 91, 0, 0, 349, 350, 351, 352, 82, 0, 0, 0, 0, 0, 0, 0, 0, 0,
            0, 109, 0, 0, 0, 0, 369, 370, 371, 372, 102, 0, 72, 0, 0, 0, 0, 0, 0, 0,
            0, 129, 0, 0, 0, 0, 0, 0, 0, 0, 122, 0, 92, 0, 0, 0, 0, 0, 0, 0,
            0, 0, 115, 116, 117, 118, 119, 120, 0, 0, 0, 0, 0, 0, 0, 0, 0, 0, 0, 0,
            0, 0, 0, 136, 137, 138, 139, 140, 0, 0, 0, 0, 0, 0, 0, 0, 0, 0, 0, 0,
            0, 0, 0, 0, 0, 0, 0, 0, 0, 0, 0, 0, 0, 0, 0, 0, 0, 0, 0, 0,
            0, 0, 0, 0, 0, 0, 0, 0, 0, 0, 0, 0, 0, 0, 0, 0, 0, 0, 0, 0,
            0, 0, 0, 0, 0, 0, 0, 0, 0, 0, 0, 0, 0, 0, 0, 0, 0, 0, 0, 0,
            0, 0, 0, 0, 0, 0, 0, 0, 0, 0, 0, 0, 0, 0, 0, 0, 0, 0, 0, 0,
            0, 0, 0, 0, 0, 0, 0, 0, 0, 0, 0, 0, 0, 0, 0, 0, 0, 0, 0, 0,
            0, 0, 0, 0, 0, 0, 0, 0, 0, 0, 0, 0, 0, 0, 0, 0, 0, 0, 0, 0,
            0, 0, 0, 0, 0, 0, 0, 0, 0, 0, 0, 0, 0, 0, 0, 0, 0, 0, 0, 0],
         "height":15,
         "id":2,
         "name":"Tile Layer 3",
         "opacity":1,
         "type":"tilelayer",
         "visible":true,
         "width":20,
         "x":0,
         "y":0
        }, 
        {
         "data":[0, 0, 0, 0, 0, 0, 0, 0, 0, 0, 0, 0, 0, 0, 0, 0, 0, 0, 0, 0,
            0, 0, 0, 0, 0, 263, 263, 0, 0, 24, 0, 0, 0, 0, 0, 0, 0, 0, 0, 0,
            0, 0, 0, 0, 0, 283, 283, 0, 0, 46, 0, 0, 0, 0, 0, 0, 60, 0, 0, 0,
            0, 0, 0, 0, 0, 0, 0, 0, 0, 30, 0, 0, 0, 0, 0, 0, 80, 0, 0, 0,
            0, 0, 0, 59, 0, 0, 0, 0, 0, 42, 0, 0, 0, 0, 0, 0, 0, 0, 0, 0,
            0, 0, 0, 79, 0, 0, 0, 0, 0, 0, 0, 0, 0, 0, 0, 0, 0, 0, 0, 0,
            0, 181, 0, 0, 0, 0, 0, 0, 0, 0, 0, 0, 0, 0, 0, 0, 0, 0, 0, 0,
            0, 0, 0, 0, 0, 0, 0, 0, 0, 0, 0, 0, 0, 0, 0, 0, 0, 0, 0, 0,
            0, 0, 0, 0, 0, 0, 0, 0, 0, 0, 0, 0, 0, 0, 0, 0, 0, 0, 0, 0,
            0, 0, 0, 0, 0, 0, 0, 0, 0, 0, 0, 0, 0, 0, 0, 0, 0, 0, 0, 0,
            0, 0, 0, 0, 0, 0, 0, 0, 0, 0, 0, 0, 0, 0, 0, 0, 0, 0, 0, 0,
            0, 0, 0, 0, 0, 0, 0, 0, 0, 0, 0, 0, 0, 0, 0, 0, 0, 0, 0, 0,
            0, 0, 0, 0, 0, 0, 0, 0, 0, 0, 0, 0, 0, 0, 0, 0, 0, 0, 0, 0,
            0, 0, 0, 0, 0, 0, 0, 0, 0, 0, 0, 0, 0, 0, 0, 0, 0, 0, 0, 0,
            0, 0, 0, 0, 0, 0, 0, 0, 0, 0, 0, 0, 0, 0, 0, 0, 0, 0, 0, 0],
         "height":15,
         "id":3,
         "name":"Tile Layer 4",
         "opacity":1,
         "type":"tilelayer",
         "visible":true,
         "width":20,
         "x":0,
         "y":0
        }],
 "nextlayerid":5,
 "nextobjectid":1,
 "orientation":"orthogonal",
 "renderorder":"right-down",
 "tiledversion":"1.10.0",
 "tileheight":32,
 "tilesets":[
        {
         "firstgid":1,
         "source":"Map\/wudFloor.json"
        }, 
        {
         "firstgid":49,
         "source":"Map\/KARMA.JSON"
        }],
 "tilewidth":32,
 "type":"map",
 "version":"1.10",
 "width":20
}