{ "columns":10,
 "image":"imgs\\allDirt64.png",
 "imageheight":128,
 "imagewidth":640,
 "margin":0,
 "name":"allDirt64",
 "properties":[
        {
         "name":"collider",
         "type":"bool",
         "value":true
        }],
 "spacing":0,
 "tilecount":20,
 "tiledversion":"1.11.0",
 "tileheight":64,
 "tiles":[
        {
         "id":0,
         "properties":[
                {
                 "name":"collider",
                 "type":"bool",
                 "value":true
                }]
        }, 
        {
         "id":1,
         "properties":[
                {
                 "name":"collider",
                 "type":"bool",
                 "value":true
                }]
        }, 
        {
         "id":2,
         "properties":[
                {
                 "name":"collider",
                 "type":"bool",
                 "value":true
                }]
        }, 
        {
         "id":3,
         "properties":[
                {
                 "name":"collider",
                 "type":"bool",
                 "value":true
                }]
        }, 
        {
         "id":4,
         "properties":[
                {
                 "name":"collider",
                 "type":"bool",
                 "value":true
                }]
        }, 
        {
         "id":5,
         "properties":[
                {
                 "name":"collider",
                 "type":"bool",
                 "value":true
                }]
        }, 
        {
         "id":6,
         "properties":[
                {
                 "name":"collider",
                 "type":"bool",
                 "value":true
                }]
        }, 
        {
         "id":7,
         "properties":[
                {
                 "name":"collider",
                 "type":"bool",
                 "value":true
                }]
        }, 
        {
         "id":8,
         "properties":[
                {
                 "name":"collider",
                 "type":"bool",
                 "value":true
                }]
        }, 
        {
         "id":9,
         "properties":[
                {
                 "name":"collider",
                 "type":"bool",
                 "value":true
                }]
        }, 
        {
         "id":10,
         "properties":[
                {
                 "name":"collider",
                 "type":"bool",
                 "value":true
                }]
        }, 
        {
         "id":11,
         "properties":[
                {
                 "name":"collider",
                 "type":"bool",
                 "value":true
                }]
        }, 
        {
         "id":12,
         "properties":[
                {
                 "name":"collider",
                 "type":"bool",
                 "value":true
                }]
        }, 
        {
         "id":13,
         "properties":[
                {
                 "name":"collider",
                 "type":"bool",
                 "value":true
                }]
        }, 
        {
         "id":14,
         "properties":[
                {
                 "name":"collider",
                 "type":"bool",
                 "value":true
                }]
        }, 
        {
         "id":15,
         "properties":[
                {
                 "name":"collider",
                 "type":"bool",
                 "value":true
                }]
        }, 
        {
         "id":16,
         "properties":[
                {
                 "name":"collider",
                 "type":"bool",
                 "value":true
                }]
        }, 
        {
         "id":17,
         "properties":[
                {
                 "name":"collider",
                 "type":"bool",
                 "value":true
                }]
        }, 
        {
         "id":18,
         "properties":[
                {
                 "name":"collider",
                 "type":"bool",
                 "value":true
                }]
        }, 
        {
         "id":19,
         "properties":[
                {
                 "name":"collider",
                 "type":"bool",
                 "value":true
                }]
        }],
 "tilewidth":64,
 "type":"tileset",
 "version":"1.10"
}