{ "columns":4,
 "image":"..\/..\/..\/..\/Aseprite\/saved\/GangsterShooting-Sheet.png",
 "imageheight":32,
 "imagewidth":128,
 "margin":0,
 "name":"GangsterShooting-Sheet",
 "properties":[
        {
         "name":"collider",
         "type":"bool",
         "value":true
        }],
 "spacing":0,
 "tilecount":4,
 "tiledversion":"1.11.0",
 "tileheight":32,
 "tiles":[
        {
         "id":0,
         "properties":[
                {
                 "name":"collider",
                 "type":"bool",
                 "value":false
                }]
        }, 
        {
         "id":1,
         "properties":[
                {
                 "name":"collider",
                 "type":"bool",
                 "value":false
                }]
        }, 
        {
         "id":2,
         "properties":[
                {
                 "name":"collider",
                 "type":"bool",
                 "value":false
                }]
        }, 
        {
         "id":3,
         "properties":[
                {
                 "name":"collider",
                 "type":"bool",
                 "value":false
                }]
        }],
 "tilewidth":32,
 "type":"tileset",
 "version":"1.10"
}