{ "columns":0,
 "grid":
    {
     "height":1,
     "orientation":"orthogonal",
     "width":1
    },
 "margin":0,
 "name":"jj",
 "spacing":0,
 "tilecount":2,
 "tiledversion":"1.10.0",
 "tileheight":720,
 "tiles":[
        {
         "id":0,
         "image":"..\/..\/..\/..\/Aseprite\/saved\/deadBingChilling.png",
         "imageheight":720,
         "imagewidth":576
        }, 
        {
         "id":1,
         "image":"..\/..\/..\/..\/Aseprite\/saved\/chair2.png",
         "imageheight":32,
         "imagewidth":32
        }],
 "tilewidth":576,
 "type":"tileset",
 "version":"1.10"
}