{ "columns":0,
 "grid":
    {
     "height":1,
     "orientation":"orthogonal",
     "width":1
    },
 "margin":0,
 "name":"Objects",
 "properties":[
        {
         "name":"collider",
         "type":"bool",
         "value":true
        }],
 "spacing":0,
 "tilecount":7,
 "tiledversion":"1.10.0",
 "tileheight":32,
 "tiles":[
        {
         "id":0,
         "image":"..\/..\/..\/..\/Aseprite\/saved\/roof6.png",
         "imageheight":32,
         "imagewidth":32,
         "properties":[
                {
                 "name":"collider",
                 "type":"bool",
                 "value":true
                }]
        }, 
        {
         "id":1,
         "image":"..\/..\/..\/..\/Aseprite\/saved\/Attack.png",
         "imageheight":32,
         "imagewidth":160,
         "properties":[
                {
                 "name":"collider",
                 "type":"bool",
                 "value":false
                }]
        }, 
        {
         "id":2,
         "image":"..\/..\/..\/..\/Aseprite\/saved\/bricks2.png",
         "imageheight":32,
         "imagewidth":32,
         "properties":[
                {
                 "name":"collider",
                 "type":"bool",
                 "value":true
                }]
        }, 
        {
         "id":3,
         "image":"..\/..\/..\/..\/Aseprite\/saved\/bricks3.png",
         "imageheight":32,
         "imagewidth":32,
         "properties":[
                {
                 "name":"collider",
                 "type":"bool",
                 "value":true
                }]
        }, 
        {
         "id":4,
         "image":"..\/..\/..\/..\/Aseprite\/saved\/chair.png",
         "imageheight":32,
         "imagewidth":32,
         "properties":[
                {
                 "name":"collider",
                 "type":"bool",
                 "value":false
                }]
        }, 
        {
         "id":5,
         "image":"..\/..\/..\/..\/Aseprite\/saved\/ladder.png",
         "imageheight":32,
         "imagewidth":32,
         "properties":[
                {
                 "name":"collider",
                 "type":"bool",
                 "value":false
                }]
        }, 
        {
         "id":6,
         "image":"..\/..\/..\/..\/Aseprite\/saved\/roof7.png",
         "imageheight":32,
         "imagewidth":32,
         "properties":[
                {
                 "name":"collider",
                 "type":"bool",
                 "value":true
                }]
        }],
 "tilewidth":160,
 "type":"tileset",
 "version":"1.10"
}